[
  {
    "id": "c2650c95-c5bd-4ab5-a95f-a096a35ce248",
    "data": [
      {
        "text": "start",
        "userDefined": false
      }
    ],
    "isTemplate": false,
    "count": 0,
    "updated": 1532524615
  },
  {
    "id": "f280b96b-b4dc-47e4-8b78-7dc24e1cf26c",
    "data": [
      {
        "text": "just going to say hi",
        "userDefined": false
      }
    ],
    "isTemplate": false,
    "count": 0,
    "updated": 1532159652
  },
  {
    "id": "655fead1-f857-4828-8a65-a0005e616e33",
    "data": [
      {
        "text": "heya",
        "userDefined": false
      }
    ],
    "isTemplate": false,
    "count": 0,
    "updated": 1532159652
  },
  {
    "id": "138475a3-fe5c-4d2f-8c49-b91f030bcba9",
    "data": [
      {
        "text": "hello hi",
        "userDefined": false
      }
    ],
    "isTemplate": false,
    "count": 0,
    "updated": 1532159652
  },
  {
    "id": "cb4adaea-8fb6-42fd-84e0-680767321ad7",
    "data": [
      {
        "text": "howdy",
        "userDefined": false
      }
    ],
    "isTemplate": false,
    "count": 0,
    "updated": 1532159652
  },
  {
    "id": "78e4fafb-0d99-406a-9c73-e5ade9eacab5",
    "data": [
      {
        "text": "hey there",
        "userDefined": false
      }
    ],
    "isTemplate": false,
    "count": 0,
    "updated": 1532159652
  },
  {
    "id": "511b83e0-5473-4160-845d-e987c492a4bb",
    "data": [
      {
        "text": "hi there",
        "userDefined": false
      }
    ],
    "isTemplate": false,
    "count": 1,
    "updated": 1532159652
  },
  {
    "id": "c5c30775-4d28-4770-97b8-80de8c190f89",
    "data": [
      {
        "text": "greetings",
        "userDefined": false
      }
    ],
    "isTemplate": false,
    "count": 0,
    "updated": 1532159652
  },
  {
    "id": "84b5adee-3446-4d2c-b691-281b60b74424",
    "data": [
      {
        "text": "hey",
        "userDefined": false
      }
    ],
    "isTemplate": false,
    "count": 0,
    "updated": 1532159652
  },
  {
    "id": "79300969-c8a6-43b0-a976-99bc263ca1ae",
    "data": [
      {
        "text": "long time no see",
        "userDefined": false
      }
    ],
    "isTemplate": false,
    "count": 0,
    "updated": 1532159652
  },
  {
    "id": "9a2283a0-a1e7-49f9-8e94-73e9f14ac796",
    "data": [
      {
        "text": "hello",
        "userDefined": false
      }
    ],
    "isTemplate": false,
    "count": 0,
    "updated": 1532159652
  },
  {
    "id": "c564efca-e0ac-4cde-b4e7-17692d176785",
    "data": [
      {
        "text": "lovely day isn\u0027t it",
        "userDefined": false
      }
    ],
    "isTemplate": false,
    "count": 0,
    "updated": 1532159652
  },
  {
    "id": "428137f3-44f5-4962-aff2-6faba4b1a578",
    "data": [
      {
        "text": "I greet you",
        "userDefined": false
      }
    ],
    "isTemplate": false,
    "count": 0,
    "updated": 1532159652
  },
  {
    "id": "c9cba479-136b-4bb3-b93f-d9dc72f0a8bd",
    "data": [
      {
        "text": "hello again",
        "userDefined": false
      }
    ],
    "isTemplate": false,
    "count": 0,
    "updated": 1532159652
  },
  {
    "id": "aec7eb2e-2cd8-4396-b529-778933a674dc",
    "data": [
      {
        "text": "hi",
        "userDefined": false
      }
    ],
    "isTemplate": false,
    "count": 0,
    "updated": 1532159652
  },
  {
    "id": "c478ed0c-92b4-4bf7-8c5a-ca4ce37595bf",
    "data": [
      {
        "text": "hello there",
        "userDefined": false
      }
    ],
    "isTemplate": false,
    "count": 0,
    "updated": 1532159652
  },
  {
    "id": "165c9e22-d25b-4cb7-9d31-3075a8a70b0f",
    "data": [
      {
        "text": "a good day",
        "userDefined": false
      }
    ],
    "isTemplate": false,
    "count": 0,
    "updated": 1532159652
  }
]