[
  {
    "id": "fc1b93eb-9cc9-42f3-95e1-6622afc83eaa",
    "data": [
      {
        "text": "Hot Items",
        "alias": "HotItems",
        "meta": "@HotItems",
        "userDefined": false
      }
    ],
    "isTemplate": false,
    "count": 0,
    "updated": 1532524119
  },
  {
    "id": "eb0b0f26-0792-4243-a158-c48d857b8f13",
    "data": [
      {
        "text": "any ",
        "userDefined": false
      },
      {
        "text": "hot items",
        "alias": "HotItems",
        "meta": "@HotItems",
        "userDefined": false
      }
    ],
    "isTemplate": false,
    "count": 0,
    "updated": 1532524119
  }
]