[
  {
    "id": "21eb14e9-c6ec-4c20-9bd0-357a83c601ef",
    "data": [
      {
        "text": "No",
        "alias": "Donate",
        "meta": "@Donate",
        "userDefined": true
      },
      {
        "text": ", I don\u0027t want to",
        "userDefined": false
      }
    ],
    "isTemplate": false,
    "count": 0,
    "updated": 1532185972
  },
  {
    "id": "c9380008-f94b-441e-ae57-0e255b830ead",
    "data": [
      {
        "text": "n",
        "alias": "Donate",
        "meta": "@Donate",
        "userDefined": true
      }
    ],
    "isTemplate": false,
    "count": 0,
    "updated": 1532185972
  },
  {
    "id": "cd5be798-d8c8-4d14-8ad4-60d60772dcd7",
    "data": [
      {
        "text": "No",
        "alias": "Donate",
        "meta": "@Donate",
        "userDefined": true
      }
    ],
    "isTemplate": false,
    "count": 0,
    "updated": 1532185972
  }
]