[
  {
    "id": "1e83bd25-22ea-484f-a86c-79f5a644a57e",
    "data": [
      {
        "text": "Yes",
        "alias": "Donate",
        "meta": "@Donate",
        "userDefined": true
      },
      {
        "text": ", I want to donate",
        "userDefined": false
      }
    ],
    "isTemplate": false,
    "count": 0,
    "updated": 1532241739
  },
  {
    "id": "a29fd5f4-ec19-4908-8f8a-5c7415b775ec",
    "data": [
      {
        "text": "Yes",
        "alias": "Donate",
        "meta": "@Donate",
        "userDefined": true
      }
    ],
    "isTemplate": false,
    "count": 2,
    "updated": 1532241739
  },
  {
    "id": "878a1160-e361-4dc2-b4d8-e1df15002f3e",
    "data": [
      {
        "text": "y",
        "alias": "Donate",
        "meta": "@Donate",
        "userDefined": true
      }
    ],
    "isTemplate": false,
    "count": 0,
    "updated": 1532241739
  }
]